,id,original_language,popularity,release_date,title,vote_average,vote_count,budget,revenue,runtime,director,actor1,actor2,production_company,production_country,genre
0,929590,en,2953.978,2024-04-10,Civil War,7.152,1149,50000000,113911713,109,Alex Garland,Kirsten Dunst,Wagner Moura,DNA Films,Finland,War
1,786892,en,1053.787,2024-05-22,Furiosa: A Mad Max Saga,7.7,561,168000000,74767619,149,George Miller,Anya Taylor-Joy,Chris Hemsworth,Warner Bros. Pictures,South Korea,Action
2,748783,en,739.671,2024-04-30,The Garfield Movie,6.531,129,60000000,107905136,101,Mark Dindal,Chris Pratt,Samuel L. Jackson,Alcon Entertainment,Hong Kong,Animation
3,1022789,en,665.091,2024-06-06,Inside Out 2,0.0,0,0,0,96,Kelsey Mann,Amy Poehler,Maya Hawke,Pixar,United States of America,Animation
4,937287,en,461.116,2024-04-18,Challengers,7.3,835,55000000,79877397,132,Luca Guadagnino,Zendaya,Mike Faist,Pascal Pictures,Italy,Romance
6,1087388,en,411.536,2024-04-12,Sting,6.3,95,0,1090798,91,Kiah Roache-Turner,Alyla Browne,Ryan Corr,See Pictures,Australia,Horror
7,639720,en,332.924,2024-05-08,IF,6.995,98,110000000,112488950,104,John Krasinski,Cailey Fleming,Ryan Reynolds,Paramount,United States of America,Comedy
8,1012201,ja,267.909,2024-02-16,HAIKYU!! The Dumpster Battle,8.1,14,0,76745015,85,Susumu Mitsunaka,Ayumu Murase,Kaito Ishikawa,Production I.G,Japan,Animation
9,573435,en,249.244,2024-06-05,Bad Boys: Ride or Die,6.0,4,0,0,115,Bilall Fallah,Will Smith,Martin Lawrence,Westbrook Studios,United States of America,Action
10,948549,en,205.075,2024-03-08,Love Lies Bleeding,6.646,206,0,8770948,104,Rose Glass,Kristen Stewart,Katy O'Brian,Film4 Productions,United Kingdom,Crime
11,720321,en,238.851,2024-04-04,Breathe,5.2,72,0,0,93,Stefon Bristol,Jennifer Hudson,Milla Jovovich,Thunder Road,United States of America,Science Fiction
12,519182,en,192.929,2024-06-22,Despicable Me 4,0.0,0,0,0,95,Chris Renaud,Steve Carell,Kristen Wiig,Illumination,United States of America,Animation
13,980026,da,180.199,2023-10-05,The Promised Land,7.77,161,8500000,815359,127,Nikolaj Arcel,Mads Mikkelsen,Amanda Collin,Zentropa International Berlin,Denmark,History
14,758679,en,189.025,2024-01-11,Mothers' Instinct,6.672,58,0,1606319,94,Benoît Delhomme,Anne Hathaway,Jessica Chastain,Freckle Films,Belgium,Drama
15,1026436,en,149.902,2024-01-18,Miller's Girl,6.897,388,4000000,1430985,93,Jade Halley Bartlett,Martin Freeman,Jenna Ortega,Point Grey Pictures,United States of America,Comedy
16,938614,en,162.3,2024-03-19,Late Night with the Devil,7.288,432,2000000,11006672,93,Colin Cairnes,David Dastmalchian,Laura Gordon,Spooky Pictures,Australia,Horror
17,467244,en,152.194,2023-12-15,The Zone of Interest,7.2,1339,15000000,48975567,105,Jonathan Glazer,Christian Friedel,Sandra Hüller,A24,Poland,History
18,762441,en,125.651,2024-06-26,A Quiet Place: Day One,0.0,0,0,0,100,Michael Sarnoski,Lupita Nyong'o,Joseph Quinn,Paramount,United States of America,Horror
19,4935,ja,108.841,2004-09-09,Howl's Moving Castle,8.409,9479,24000000,236049757,119,Hayao Miyazaki,Chieko Baisho,Takuya Kimura,Studio Ghibli,Japan,Fantasy
20,1192209,pt,126.942,2024-01-05,Noah's Ark,7.051,59,0,2162345,96,Alois Di Leo,Rodrigo Santoro,Alice Braga,Gullane Entretenimento,Brazil,Animation
21,845783,en,140.664,2023-12-28,Baghead,6.68,220,0,6278395,95,Alberto Corredor,Freya Allan,Jeremy Irvine,The Picture Company,Germany,Horror
22,838240,es,120.432,2023-12-06,Robot Dreams,8.079,372,6000000,1693008,102,Pablo Berger,Ivan Labanda,Tito Trifol,Arcadia Motion Pictures,France,Animation
23,560016,en,114.634,2024-04-03,Monkey Man,7.146,453,10000000,33756230,121,Dev Patel,Dev Patel,Sharlto Copley,Thunder Road,Canada,Action
24,974635,en,88.301,2024-05-16,Hit Man,6.8,12,0,0,115,Richard Linklater,Glen Powell,Adria Arjona,Aggregate Films,United States of America,Crime
25,1079485,en,91.78,2024-03-26,Winnie-the-Pooh: Blood and Honey 2,7.217,30,415000,739540,93,Rhys Frake-Waterfield,Scott Chambers,Ryan Oliva,Jagged Edge Productions,United Kingdom,Horror
26,1086747,en,74.307,2024-06-06,The Watchers,0.0,0,0,0,102,Ishana Night Shyamalan,Dakota Fanning,Georgina Campbell,Blinding Edge Pictures,United States of America,Horror
27,978592,en,74.727,2024-03-21,Sleeping Dogs,6.853,126,0,0,112,Adam Cooper,Russell Crowe,Karen Gillan,Nickel City Pictures,United States of America,Mystery
28,760774,en,101.353,2023-12-21,One Life,7.754,397,0,51437352,109,James Hawes,Anthony Hopkins,Johnny Flynn,See-Saw Films,United Kingdom,History
29,840430,en,71.902,2023-10-27,The Holdovers,7.7,1240,13000000,42513270,133,Alexander Payne,Paul Giamatti,Dominic Sessa,Miramax,United States of America,Comedy
30,957304,en,63.992,2024-02-22,Drive-Away Dolls,5.544,215,8000000,5250531,84,Ethan Coen,Margaret Qualley,Geraldine Viswanathan,Working Title Films,United Kingdom,Comedy
31,1051896,en,76.783,2024-04-12,Arcadian,6.274,160,0,859453,92,Benjamin Brewer,Nicolas Cage,Jaeden Martell,Highland Film Group,Ireland,Science Fiction
32,128,ja,63.889,1997-07-12,Princess Mononoke,8.34,7707,23500000,169000000,134,Hayao Miyazaki,Youji Matsuda,Yuriko Ishida,Studio Ghibli,Japan,Adventure
33,1029955,en,50.699,2024-05-30,Kinds of Kindness,6.5,4,15000000,0,164,Yorgos Lanthimos,Emma Stone,Jesse Plemons,Element Pictures,Ireland,Drama
34,1020006,en,60.231,2023-10-27,Priscilla,7.0,590,20000000,30140906,110,Sofia Coppola,Cailee Spaeny,Jacob Elordi,American Zoetrope,Italy,Drama
35,646683,en,59.003,2024-05-30,The Exorcism,4.4,5,0,0,93,Joshua John Miller,Russell Crowe,Ryan Simpkins,Miramax,United States of America,Horror
36,964960,fr,60.493,2023-11-08,The Taste of Things,7.1,133,6500000,5970753,135,Tran Anh Hung,Benoît Magimel,Juliette Binoche,Curiosa Films,Belgium,Drama
37,1001311,fr,53.075,2024-06-05,Under Paris,0.0,0,0,0,101,Xavier Gens,Bérénice Bejo,Nassim Lyes,Full Players,France,Mystery
38,1072342,en,58.086,2024-01-03,Night Swim,5.69,422,15000000,54075969,98,Bryce McGuire,Wyatt Russell,Kerry Condon,Atomic Monster,United States of America,Horror
39,1008409,en,49.276,2024-06-19,The Bikeriders,0.0,0,40000000,0,116,Jeff Nichols,Jodie Comer,Austin Butler,Tri-State Pictures,United States of America,Crime
40,1015634,en,50.833,2024-04-12,Sasquatch Sunset,6.341,22,0,897669,88,Nathan Zellner,Riley Keough,Jesse Eisenberg,Square Peg,United States of America,Fantasy
42,628922,en,49.139,2024-03-28,Asphalt City,5.618,38,0,457810,120,Jean-Stéphane Sauvaire,Tye Sheridan,Sean Penn,Sculptor Media,United Kingdom,Drama
43,942881,ja,40.701,2022-12-23,Lonely Castle in the Mirror,6.98,49,0,0,116,Keiichi Hara,Ami Touma,Mana Ashida,Shochiku,Japan,Animation
44,852247,en,37.26,2024-03-01,Problemista,6.594,32,0,385720,104,Julio Torres,Julio Torres,Tilda Swinton,Fruit Tree,United States of America,Comedy
45,958006,en,37.095,2023-09-14,The Kill Room,6.089,146,50000000,476375,98,Nicol Paone,Uma Thurman,Joe Manganiello,Yale Productions,United States of America,Comedy
46,1103621,th,55.237,2024-04-04,How to Make Millions Before Grandma Dies,8.3,10,0,8400000,126,Pat Boonnitipat,Putthipong Assaratanakul,Usha Seamkhum,GDH 559,Thailand,Drama
47,1263421,ja,43.331,2024-06-05,Baki Hanma VS Kengan Ashura,0.0,0,0,0,60,Toshiki Hirano,Nobunaga Shimazaki,Tatsuhisa Suzuki,TMS Entertainment,Japan,Animation
48,149870,ja,43.057,2013-07-20,The Wind Rises,7.8,2871,30000000,117932401,126,Hayao Miyazaki,Hideaki Anno,Hidetoshi Nishijima,Studio Ghibli,Japan,Drama
49,977262,en,35.247,2024-05-30,Ezra,6.0,1,0,570000,100,Tony Goldwyn,Bobby Cannavale,William A. Fitzgerald,Closer Media,United States of America,Comedy
50,923667,cn,40.189,2024-04-23,Twilight of the Warriors: Walled In,7.6,17,38400000,46366411,125,Soi Cheang,Louis Koo,Sammo Hung,Entertaining Power,China,Action
51,1264800,hi,30.571,2024-05-31,Savi,0.0,0,0,0,122,Abhinay Deo,Divya Khosla Kumar,Anil Kapoor,Vishesh Films,India,Action
52,1209574,ms,50.292,2024-04-18,Sheriff: Narko Integriti,8.0,4,1255886,0,133,Syafiq Yusof,Zul Ariffin,Syafiq Kyle,Skop Productions Sdn. Bhd.,Malaysia,Action
53,734002,pl,40.244,2023-10-13,The Peasants,7.667,78,7475000,9811169,115,Hugh Welchman,Kamila Urzędowska,Robert Gulaczyk,Breakthru Films,Lithuania,Animation
54,21057,ja,29.317,1994-10-07,Ocean Waves,6.4,825,0,0,72,Tomomi Mochizuki,Nobuo Tobita,Youko Sakamoto,Studio Ghibli,Japan,Animation
55,916723,en,32.192,2024-06-21,What Remains,0.0,0,0,0,131,Ran Huang,Gustaf Skarsgård,Andrea Riseborough,Film Service Finland,Finland,Drama
56,149871,ja,33.895,2013-11-23,The Tale of The Princess Kaguya,8.08,1684,49300000,24366656,137,Isao Takahata,Aki Asakura,Takeo Chii,Studio Ghibli,Japan,Animation
57,943134,fr,31.635,2023-10-04,The Animal Kingdom,7.064,534,14500000,0,127,Thomas Cailley,Romain Duris,Paul Kircher,StudioCanal,Belgium,Science Fiction
58,932086,en,26.525,2024-06-26,Horizon: An American Saga - Chapter 1,0.0,0,0,0,181,Kevin Costner,Kevin Costner,Sienna Miller,Territory Pictures,United States of America,Western
59,1025491,en,30.683,2023-12-22,Freud's Last Session,6.565,54,10000000,1697993,109,Matt Brown,Anthony Hopkins,Matthew Goode,WestEnd Films,Ireland,Drama
60,586810,fr,36.889,2023-11-22,Mars Express,7.7,163,7900000,0,85,Jérémie Périn,Léa Drucker,Mathieu Amalric,Everybody on Deck,France,Animation
61,1082063,pt,39.816,2024-01-18,Amelia’s Children,5.467,15,0,0,91,Gabriel Abrantes,Brigette Lundy-Paine,Carloto Cotta,Artificial Humors,Portugal,Horror
62,1211650,ja,37.137,2024-03-01,Ya Boy Kongming! Road to Summer Sonia,7.0,1,0,0,119,Shu Honma,Kaede Hondo,Ryotaro Okiayu,Kodansha,Japan,Animation
63,1188258,zh,33.173,2024-03-14,18×2 Beyond Youthful Days,7.833,4,0,0,124,Michihito Fujii,Greg Hsu,Kaya Kiyohara,Jumpboys Films,Japan,Romance
64,798362,en,29.595,2023-09-28,The Marsh King's Daughter,6.481,239,0,0,109,Neil Burger,Daisy Ridley,Ben Mendelsohn,Black Bear Pictures,United States of America,Thriller
65,1045205,de,23.748,2023-04-13,Someday We'll Tell Each Other Everything,6.152,23,0,0,129,Emily Atef,Marlene Burow,Felix Kramer,Row Pictures,Germany,Drama
66,834562,en,37.26,2024-05-09,Poolman,5.7,6,0,0,100,Chris Pine,Chris Pine,Danny DeVito,AGC Studios,United States of America,Mystery
67,955991,en,23.759,2022-09-23,The Offering,5.941,287,0,0,93,Oliver Park,Nick Blood,Emm Wiseman,Millennium Media,Bulgaria,Drama
68,1032425,en,24.992,2024-05-01,The Dead Don't Hurt,6.3,28,0,473323,130,Viggo Mortensen,Vicky Krieps,Viggo Mortensen,Talipot Studio,Mexico,Drama
69,989596,en,19.58,2023-11-29,The Braid,7.7,95,8500000,9235757,121,Laetitia Colombani,Kim Raver,Fotinì Peluso,France 2 Cinéma,Belgium,Drama
70,865910,ko,22.421,2024-05-29,The Plot,0.0,0,0,0,100,Lee Yo-sup,Gang Dong-won,Lee Moo-saeng,Zip Cinema,South Korea,Crime
71,665733,tr,26.721,2023-07-12,About Dry Grasses,7.7,73,3720000,0,197,Nuri Bilge Ceylan,Deniz Celiloğlu,Merve Dizdar,NBC Film,France,Drama
72,337703,fr,18.694,2016-06-29,The Red Turtle,7.474,1210,0,921974,80,Michael Dudok de Wit,Tom Hudson,Baptiste Goy,Wild Bunch,Belgium,Animation
73,8740,nl,23.174,1988-10-27,The Vanishing,7.5,592,0,0,106,George Sluizer,Bernard-Pierre Donnadieu,Gene Bervoets,MGS Film,France,Thriller
74,804616,en,24.239,2024-03-22,Something in the Water,4.1,10,0,0,86,Hayley Easton Street,Hiftu Quasem,Lauren Lyle,Dan Films,United Kingdom,Thriller
75,944952,en,17.213,2023-10-06,The Royal Hotel,5.362,109,0,877412,91,Kitty Green,Julia Garner,Jessica Henwick,See-Saw Films,Australia,Drama
76,1226170,th,16.146,2024-05-30,Haunted Universities 3,5.0,1,0,0,119,Nontawat Numbenchapol,Chutavuth Pattarakampol,Nichaphat Chatchaipholrat,Sahamongkolfilm,Thailand,Horror
77,567811,en,23.574,2024-04-18,10 Lives,7.5,2,0,0,84,Christopher Jenkins,Mo Gilligan,Simone Ashley,GFM Animation,Canada,Animation
78,1146972,ja,21.402,2024-01-26,Mobile Suit Gundam SEED FREEDOM,7.3,7,0,30150000,125,Mitsuo Fukuda,Soichiro Hoshi,Rie Tanaka,Shochiku,Japan,Animation
79,667717,zh,18.54,2023-01-22,Deep Sea,6.9,84,28700000,136090000,112,Tian Xiao Peng,Wang Ting Wen,Su Xin,October Media,China,Animation
80,11660,en,17.728,1999-04-02,Following,7.151,1507,6000,48482,69,Christopher Nolan,Jeremy Theobald,Alex Haw,Next Wave Films,United Kingdom,Drama
81,2759,en,26.431,1994-05-31,"The Adventures of Priscilla, Queen of the Desert",7.262,759,2000000,28200000,104,Stephan Elliott,Hugo Weaving,Guy Pearce,PolyGram Filmed Entertainment,Australia,Drama
82,921353,en,19.347,2022-07-15,Wrong Place,4.444,72,0,0,96,Mike Burns,Ashley Greene,Bruce Willis,Buffalo 8,United States of America,Thriller
83,843394,en,16.843,2023-10-06,Cat Person,5.9,54,12000000,282000,118,Susanna Fogel,Emilia Jones,Nicholas Braun,StudioCanal,France,Thriller
84,588648,es,26.894,2024-04-11,Dragonkeeper,6.4,4,25600000,0,99,Jian-Ping Li,Lucía Pérez,Mario Gas,Movistar+,China,Action
85,44865,zh,21.301,2013-01-10,The Grandmaster,6.596,826,3860000,64076736,130,Wong Kar-wai,Tony Leung Chiu-wai,Zhang Ziyi,Jet Tone Films,China,Action
86,1264429,id,13.544,2024-05-30,Temurun,3.0,1,0,0,86,Inarah Syarafina,Yasamin Jasem,Bryan Domani,Rhaya Flicks,Indonesia,Horror
87,926946,de,14.131,2022-09-29,The School of the Magical Animals 2,6.2,26,0,19678845,103,Sven Unterwaldt Jr.,Emilia Maier,Loris Sichrovsky,Kordes & Kordes Film,Germany,Family
88,1037827,fr,18.47,2024-01-24,Breaking Point,5.9,35,0,0,84,Yvan Attal,Guillaume Canet,Yvan Attal,Curiosa Films,France,Thriller
89,1145291,ja,19.785,2023-09-08,The Forbidden Play,5.3,17,0,0,110,Hideo Nakata,Kanna Hashimoto,Daiki Shigeoka,Toei Company,Japan,Horror
90,981314,en,22.737,2023-05-11,Alien Invasion,5.5,76,0,0,73,Fred Searle,Sarah T. Cohen,Amber Doig-Thorne,Proportion Productions,United Kingdom,Horror
91,1051547,es,17.392,2023-06-16,Upon Entry,6.899,74,0,0,74,Juan Sebastián Vásquez,Alberto Ammann,Bruna Cusí,Zabriskie Films,Spain,Drama
92,1069193,ar,17.613,2023-07-05,Four Daughters,7.263,57,0,861000,108,Kaouther Ben Hania,Olfa Hamrouni,Eya Chikahoui,Tanit Films,France,Drama
93,938250,fr,12.527,2023-09-27,Club Zero,5.667,39,0,0,110,Jessica Hausner,Mia Wasikowska,Sidse Babett Knudsen,Coop99 Filmproduktion,Austria,Thriller
94,916192,ja,21.209,2022-09-09,"The Tunnel to Summer, the Exit of Goodbyes",7.916,119,0,872000,83,Tomohisa Taguchi,Ouji Suzuka,Marie Iitoyo,CLAP,Japan,Animation
97,1277783,en,10.091,2024-05-29,The Commandant's Shadow,0.0,0,0,0,103,Daniela Völker,Hans-Jürgen Höss,Kai Höss,Snowstorm Productions,United Kingdom,Documentary
98,1147335,sr,17.993,2024-06-05,Guardians of the Formula,0.0,0,0,0,120,Dragan Bjelogrlić,Alexis Manenti,Dragan Bjelogrlić,Cobra Film Department,Macedonia,Drama
99,988402,fr,14.546,2023-10-13,Humanist Vampire Seeking Consenting Suicidal Person,7.6,78,2971060,0,92,Ariane Louis-Seize,Sara Montpetit,Félix-Antoine Bénard,Art et essai,Canada,Comedy
100,1037035,en,8.961,2024-06-21,Janet Planet,0.0,0,0,0,113,Annie Baker,Julianne Nicholson,Zoe Ziegler,Present Company,United Kingdom,Drama
101,1117609,ja,16.123,2023-10-20,The Concierge,7.0,5,0,0,70,Yoshimi Itazu,Natsumi Kawaida,Takeo Otsuka,Production I.G,Japan,Animation
103,989672,fr,11.43,2023-05-24,Just the Two of Us,7.065,248,6300000,5071491,105,Valérie Donzelli,Virginie Efira,Melvil Poupaud,Rectangle Productions,France,Thriller
104,662402,th,11.152,2024-02-28,Black Tea,5.0,11,0,0,111,Abderrahmane Sissako,Nina Mélo,Chang Han,Archipel 33>35,Cote D'Ivoire,Romance
105,831395,en,14.133,2024-06-07,Tuesday,0.0,0,0,0,111,Daina Oniunas–Pusić,Julia Louis-Dreyfus,Lola Petticrew,A24,United Kingdom,Drama
106,704673,en,19.495,2024-06-20,Trigger Warning,0.0,0,0,0,86,Mouly Surya,Jessica Alba,Anthony Michael Hall,Thunder Road,United States of America,Thriller
107,1114205,ja,14.691,2023-06-16,Immersion,5.9,10,0,0,109,Takashi Shimizu,Daigo Nishihata,Mizuki Yamamoto,Toei Company,Japan,Horror
108,1067950,de,19.459,2023-12-06,Girl You Know It's True,7.6,25,0,0,124,Simon Verhoeven,Elan Ben Ali,Tijan Njie,Leonine Studios,Germany,Drama
109,455558,en,13.556,2017-09-07,9/11,5.2,199,5500000,200000,90,Martin Guigui,Charlie Sheen,Whoopi Goldberg,Vitamin A Films,United States of America,Drama
110,1115379,zh,13.656,2023-10-21,Only the River Flows,6.5,26,0,42686993,102,Wei Shujun,Zhu Yilong,Zeng Meihuizi,Hangzhou Dangdang Film,China,Drama
111,659290,it,8.524,2020-10-01,The Ties,6.7,160,0,0,100,Daniele Luchetti,Alba Rohrwacher,Luigi Lo Cascio,IBC MOvie,Italy,Drama
112,1051891,en,11.009,2024-06-21,Thelma,0.0,0,0,0,97,Josh Margolin,June Squibb,Fred Hechinger,Zurich Avenue,Switzerland,Action
113,900379,de,16.195,2023-04-20,Afire,6.992,121,0,2147526,103,Christian Petzold,Thomas Schubert,Paula Beer,Schramm Film,Germany,Drama
114,829402,en,12.898,2024-06-12,Ultraman: Rising,0.0,0,0,0,117,Shannon Tindle,Christopher Sean,Gedde Watanabe,Tsuburaya Productions,Japan,Action
117,923344,ko,12.985,2022-11-21,Next Sohee,7.3,87,0,0,135,July Jung,Bae Doona,Kim Si-eun,Twin Plus Partners,South Korea,Drama
118,1115009,en,13.223,2024-04-26,Unsung Hero,8.5,4,6000000,17614627,113,Richard Ramsey,Joel Smallbone,Daisy Betts,for KING & COUNTRY,United States of America,Drama
120,34326,ja,10.765,1973-01-13,Battles Without Honor and Humanity,7.4,101,150000,0,99,Kinji Fukasaku,Bunta Sugawara,Hiroki Matsukata,Toei Company,Japan,Drama
122,976226,en,8.13,2024-06-14,Cora Bora,0.0,0,0,0,92,Hannah Pearl Utt,Megan Stalter,Jojo T. Gibbs,Los Angeles Media Fund,United States of America,Comedy
123,1001377,fr,8.474,2024-05-29,Salem,5.583,6,0,0,118,Jean-Bernard Marlin,Dalil Abdourahim,Oumar Moindjie,UNITÉ,France,Fantasy
124,848439,en,8.21,2024-03-27,Firebrand,6.4,24,0,0,120,Karim Aïnouz,Alicia Vikander,Jude Law,Brouhaha Entertainment,United Kingdom,Drama
125,881517,en,11.963,2024-06-21,Chestnut,0.0,0,0,0,87,Jac Cron,Natalia Dyer,Rachel Keller,Neon Heart Productions,United States of America,Romance
126,1058617,en,9.449,2024-06-21,Fancy Dance,0.0,0,0,0,91,Erica Tremblay,Lily Gladstone,Isabel Deroy-Olson,Confluential Films,United States of America,Drama
127,1079346,en,15.389,2024-03-08,5lbs of Pressure,6.0,21,0,0,111,Phil Allocco,Luke Evans,Rory Culkin,Filmology Finance,United Kingdom,Thriller
128,1022149,zh,9.622,2024-05-25,Walk The Line,0.0,0,0,0,115,Shubo Guo,Xiao Yang,Yu Ailei,春秋时代（平潭）影业有限公司,China,Drama
129,977246,es,12.311,2024-06-14,Sorcery,0.0,0,0,0,101,Christopher Murray,Valentina Véliz Caileo,Daniel Antivilo,Fabula,Chile,Horror
130,999621,en,11.429,2024-06-07,Brats,0.0,0,0,0,92,Andrew McCarthy,Andrew McCarthy,Rob Lowe,Network Entertainment,Canada,Documentary
131,881544,zh,12.257,2024-05-01,Formed Police Unit,0.0,0,0,0,101,Lee Tat-Chiu,Wang Yi Bo,Johnny Huang,中中（北京）影业有限公司,China,Drama
132,753336,en,10.982,2023-12-08,Origin,6.53,33,38000000,4474931,141,Ava DuVernay,Aunjanue Ellis-Taylor,Jon Bernthal,ARRAY Filmworks,United States of America,Drama
136,904759,ja,14.92,2023-11-17,The Birth of Kitaro: The Mystery of GeGeGe,7.5,8,0,0,104,Gou Koga,Miyuki Sawashiro,Masako Nozawa,Toei Animation,Japan,Animation
137,951022,en,8.404,2024-03-08,Copa 71,7.0,3,0,0,91,James Erskine,Brandi Chastain,Nicole Mangas,New Black Films,United Kingdom,Documentary
138,999849,en,11.605,2024-06-07,Late Bloomers,0.0,0,0,0,89,Lisa Steen,Karen Gillan,Malgorzata Zajaczkowska,Park Pictures Features,United States of America,Comedy
139,1262485,hi,6.489,2024-05-24,Bhaiyya Ji,0.0,0,0,0,135,Apoorv Singh Karki,Manoj Bajpayee,Suvinder Vicky,Bhanushali Studios,India,Action
140,891933,en,12.813,2023-10-14,Sometimes I Think About Dying,6.375,40,0,65871,91,Rachel Lambert,Daisy Ridley,Dave Merheje,Page Fifty-Four Pictures,United States of America,Drama
141,1219644,nl,12.546,2024-06-06,Bite,0.0,0,0,0,103,Guido Coppis,Reinout Scholten van Aschat,Frieda Barnhard,The Rogues,Netherlands,Drama
142,1058128,es,12.619,2024-06-20,The Astronaut Lovers,0.0,0,0,0,116,Marco Berger,Javier Orán,Lautaro Bettoni,Sombracine Producciones,Argentina,Comedy
144,1121956,pl,9.556,2023-09-22,Green Border,7.5,58,0,0,152,Agnieszka Holland,Jalal Altawil,Maja Ostaszewska,Metro Films,Belgium,Drama
145,901121,ko,8.975,2023-09-27,Cobweb,6.5,47,0,0,135,Kim Jee-woon,Song Kang-ho,Lim Soo-jung,Anthology Studios,South Korea,Comedy
146,962319,fr,6.941,2024-01-10,A Silence,4.804,28,0,0,100,Joachim Lafosse,Emmanuelle Devos,Daniel Auteuil,Samsa Film,Belgium,Drama
147,1006012,zh,11.017,2023-11-24,Old Fox,7.5,15,0,0,112,Hsiao Ya-chuan,Bai Run-yin,Kuan-Ting Liu,BIT Production,Japan,Drama
148,732721,en,9.347,2020-10-15,Combat Wombat,6.6,29,0,153303,85,Ricard Cussó,Deborah Mailman,Ed Oxenbould,Like A Photon Creative,Australia,Animation
149,983044,no,13.453,2023-12-25,The Arctic Convoy,6.0,9,6619681,0,105,Henrik Martin Dahlsbakken,Tobias Santelmann,Anders Baasmo Christiansen,Fantefilm,Norway,Drama
150,938508,fi,10.683,2023-12-27,Four Little Adults,7.1,4,2000000,0,123,Selma Vilhunen,Alma Pöysti,Eero Milonoff,Tuffi Films,Finland,Drama
152,1220515,en,9.238,2024-06-13,Treasure,0.0,0,0,0,112,Julia von Heinz,Lena Dunham,Stephen Fry,Seven Elephants,France,Drama
154,1052160,th,10.71,2024-04-25,Love You to Debt,5.0,1,0,300000,135,Waasuthep Ketpetch,Vachirawit Chivaaree,Urassaya Sperbund,GMMTV,Thailand,Drama
155,1158416,fr,10.835,2024-06-05,Waiting for the Night,0.0,0,0,0,104,Céline Rouzet,Mathias Legoût Hammond,Élodie Bouchez,ElianeAntoinette,Belgium,Drama
156,918287,en,12.938,2024-06-07,I Used to Be Funny,2.0,1,0,0,105,Ally Pankiw,Rachel Sennott,Olga Petsa,Barn 12,Canada,Comedy
158,1119550,fr,11.929,2024-06-05,The Little Escapade,8.0,1,0,0,96,Bruno Podalydès,Daniel Auteuil,Bruno Podalydès,Why Not Productions,France,Comedy
159,1020896,no,9.176,2024-02-09,Handling the Undead,5.5,4,4509334,0,98,Thea Hvistendahl,Renate Reinsve,Anders Danielsen Lie,Einar Film,Greece,Drama
162,916588,en,10.628,2024-06-06,Mars,0.0,0,200000,0,84,Sevan Najarian,Trevor Moore,Zach Cregger,Midnight Kids Studio,United States of America,Animation
164,960044,fr,9.082,2023-12-27,The Edge of the Blade,6.707,29,0,0,101,Vincent Perez,Roschdy Zem,Doria Tillier,Gaumont,France,Drama
165,1001072,es,10.13,2024-06-05,The Dog Thief,0.0,0,0,0,90,Vinko Tomičić,Alfredo Castro,Franklin Aro,Color Monster,Bolivia,Drama
166,1257400,fr,11.095,2024-06-05,Meeting with Pol Pot,0.0,0,0,0,113,Rithy Panh,Irène Jacob,Grégoire Colin,Anupheap Productions,Cambodia,Drama
169,879805,en,7.73,2024-06-24,I Am: Celine Dion,0.0,0,0,0,102,Irene Taylor Brodsky,Céline Dion,René-Charles Angélil,Sony Music Vision,Canada,Documentary
170,1259108,ml,7.762,2024-05-24,Mandakini,0.0,0,0,0,125,Vinod Leela,Althaf Salim,Anarkali Marikar,Spire Productions,India,Comedy
171,1105545,en,7.59,2024-06-07,Ex-Husbands,0.0,0,0,0,98,Noah Pritzker,Griffin Dunne,Rosanna Arquette,Play Book Productions,United States of America,Drama
172,1181068,id,8.627,2024-06-13,Ipar Adalah Maut,0.0,0,0,0,131,Hanung Bramantyo,Michelle Ziudith,Deva Mahenra,MD Pictures,Indonesia,Drama
173,1043870,en,11.723,2024-06-14,Reverse the Curse,0.0,0,0,0,105,David Duchovny,David Duchovny,Logan Marshall-Green,Yale Productions,United States of America,Comedy
174,962543,fr,5.909,2022-12-07,The Worst Ones,6.9,61,2600000,19833,96,Romane Gueret,Johan Heldenbergh,Matthias Jacquin,Les Films Velvet,France,Drama
176,870360,en,9.499,2024-06-11,The Day the Earth Blew Up: A Looney Tunes Movie,0.0,0,0,0,90,Peter Browngardt,Eric Bauza,Candi Milo,Warner Bros. Animation,Canada,Animation
177,1257474,en,11.935,2024-06-05,S/He Is Still Her/e - The Official Genesis P-Orridge Doc,0.0,0,0,0,99,David Charles Rodrigues,Genesis P-Orridge,Clarity Haynes,Curatorial,United States of America,Documentary
179,1132483,de,8.327,2024-06-06,War and Justice,0.0,0,0,0,96,Michele Gentile,Luis Moreno-Ocampo,Benjamin Ferencz,Filmperspektive,Germany,Documentary
180,730087,en,7.806,2024-01-21,Eureka,6.5,5,0,0,147,Lisandro Alonso,Viggo Mortensen,Chiara Mastroianni,4L,Argentina,Drama
181,1010639,en,11.295,2023-12-01,The Sweet East,6.71,31,0,103000,104,Sean Price Williams,Talia Ryder,Earl Cave,Base 12 Productions,United States of America,Comedy
182,1214469,en,11.171,2024-06-14,Ghostlight,0.0,0,0,0,110,Kelly O'Sullivan,Keith Kupferer,Katherine Mallen Kupferer,Little Engine,United States of America,Comedy
183,981063,en,4.99,2024-04-04,Before Dawn,7.0,1,0,0,95,Jordon Prince-Wright,Levi Miller,Stephen Peacocke,Prince-Wright Productions,Australia,Drama
185,1203397,en,11.598,2024-06-20,Rite Here Rite Now,0.0,0,0,0,144,Alex Ross Perry,Ghost,Tobias Forge,Trafalgar Releasing,United States of America,Music
186,1048522,en,6.758,2023-08-25,Fremont,6.3,32,3000000,281126,92,Babak Jalali,Anaita Wali Zada,Jeremy Allen White,Butimar Productions,United States of America,Comedy
188,1078082,ms,8.75,2024-06-06,Padu,0.0,0,0,0,97,Faisal Ishak,Fify Azmi,Jojo Goh,Global Station,Malaysia,Drama
190,1146575,id,10.015,2024-06-06,Paku Tanah Jawa,0.0,0,0,0,100,Bambang Drias,Masayu Anastasia,Wafda Saifan Lubis,Loop Entertaiment,Indonesia,Horror
191,1119093,el,7.97,2024-06-07,She Loved Blossoms More,0.0,0,0,0,86,Yannis Veslemes,Panos Papadopoulos,Julio Katsis,Blonde Audiovisual Productions,France,Horror
192,1108988,en,8.697,2024-06-07,Meeting Ms. Leigh,0.0,0,0,0,117,R.S. Veira,Landen Amos,Jeanine Harrington,Dream With Me Productions,United States of America,Romance
193,995746,fr,6.145,2024-04-10,Rosalie,6.3,20,7000000,308326,115,Stéphanie Di Giusto,Nadia Tereszkiewicz,Benoît Magimel,Trésor Films,Belgium,History
194,842931,en,8.244,2024-06-08,Sacramento,0.0,0,0,0,84,Michael Angarano,Michael Angarano,Michael Cera,Bee-Hive Productions,United States of America,Comedy
196,1279121,en,9.701,2024-06-05,Midnight Oil: The Hardest Line,0.0,0,0,0,105,Paul Clarke,Peter Garrett,Rob Hirst,Blink TV,Australia,Documentary
199,1075971,en,9.412,2024-06-07,"Food, Inc. 2",0.0,0,0,26502,94,Melissa Robledo,Michael Pollan,Gerardo Reyes Chávez,Participant,United States of America,Documentary
200,1250870,id,9.183,2024-06-06,Harta Tahta Raisa,0.0,0,0,0,106,Soleh Solihun,Raisa Andriana,Hamish Daud,Imajinari,Indonesia,Documentary
201,1228662,ru,9.125,2024-06-05,Bikechess,0.0,0,0,0,100,Assel Aushakimova,Saltanat Nauruz,Assel Abdimavlenova,Les Films d'Antoine,France,Comedy
203,993092,zh,10.368,2023-08-18,Hello Ghost!,7.5,6,0,0,104,Pei-Ju Hsieh,Jing-Hua Tseng,Ivy Shao,MM2 Entertainment,Taiwan,Comedy
205,1130188,en,9.639,2024-06-05,Vulcanizadora,0.0,0,0,0,85,Joel Potrykus,Joshua Burge,Joel Potrykus,Dweck Productions,United States of America,Comedy
207,481192,en,7.53,2017-10-13,Talon Falls,6.32,89,0,0,75,Joshua Shreve,Brad Bell,Fred Biggs,Terror Films,United States of America,Horror
210,792614,fr,9.588,2023-11-01,Mr. Blake At Your Service!,6.8,30,6700000,0,100,Gilles Legardinier,John Malkovich,Fanny Ardant,Superprod,France,Comedy
212,1275772,en,8.647,2024-06-06,Bitterroot,0.0,0,0,0,82,Vera Brunner-Sung,Wa Yang,Qu Kue,Louverture Films,United States of America,Drama
217,1216276,id,8.089,2024-06-06,Saat Menghadap Tuhan,0.0,0,0,0,125,Rudi Soedjarwo,Rafi Sudirman,Abielo Parengkuan,ReXcorp.,Indonesia,Drama
219,1275903,en,8.577,2024-06-07,Outstanding: A Comedy Revolution,0.0,0,0,0,100,Page Hurwitz,Tig Notaro,Eddie Izzard,Push It Productions,United States of America,Documentary
225,1079482,en,7.804,2024-06-07,This Closeness,0.0,0,0,0,88,Kit Zauhar,Kit Zauhar,Zane Pais,Modern Pleasures,United States of America,Drama
226,850439,en,8.533,2024-06-06,The Damned,0.0,0,0,0,89,Thordur Palsson,Odessa Young,Joe Cole,Ley Line Entertainment,Belgium,Drama
232,1275935,en,7.833,2024-06-06,Rebel Nun,0.0,0,0,0,100,Dominic Sivyer,Helen Prejean,Susan Sarandon,Passion Pictures,United Kingdom,Documentary
233,1208013,en,8.532,2024-06-07,Rent Free,0.0,0,0,0,93,Fernando Andrés,Jacob Roberts,David Treviño,Cashdog Productions,United States of America,Comedy
234,1011516,en,5.501,2024-05-24,The Present,9.0,1,0,0,87,Christian Ditter,Isla Fisher,Greg Kinnear,AGC Studios,United States of America,Comedy
239,971968,fr,5.676,2024-06-19,Being Maria,0.0,0,0,0,102,Jessica Palud,Anamaria Vartolomei,Céleste Brunnquell,Fin Août Productions,Belgium,Drama
242,1275886,en,5.601,2024-06-08,All That We Love,0.0,0,0,0,90,Yen Tan,Margaret Cho,Jesse Tyler Ferguson,Ley Line Entertainment,United States of America,Comedy
245,978035,fr,8.432,2023-12-06,Bâtiment 5,5.958,36,0,923919,101,Ladj Ly,Anta Diaw,Alexis Manenti,Srab Films,Belgium,Drama
246,1216452,fr,8.045,2024-03-13,Heureux Gagnants,6.087,52,0,0,103,Romain Choay,Audrey Lamy,Fabrice Eboué,Les improductibles,France,Comedy
247,978582,en,6.465,2024-06-11,Kid Snow,0.0,0,0,0,127,Paul Goldman,Billy Howle,Phoebe Tonkin,Unicorn Films,Australia,Drama
248,1156130,pl,4.105,2024-04-05,Woman of...,10.0,1,0,52998,132,Michał Englert,Małgorzata Hajewska-Krzysztofik,Joanna Kulig,Plio Ltd,Poland,Drama
255,492200,en,7.486,2024-06-07,Mary Anning and the Dinosaur Hunters,0.0,0,0,0,153,Sharon Sheehan,Sharon Sheehan,Jackie Howe,Mermade,United Kingdom,Drama
257,1139072,en,6.435,2024-05-10,Made in England: The Films of Powell and Pressburger,7.0,4,0,0,133,David Hinton,Martin Scorsese,Michael Powell,BBC Film,United Kingdom,Documentary
259,1244958,en,7.068,2024-06-09,Jazzy,0.0,0,0,0,86,Morrisa Maltz,Lainey Bearkiller Shangreaux,Syriah Fool Head Means,Duplass Brothers Productions,United States of America,Drama
272,586967,ja,4.928,2019-05-10,Leaving the Scene,0.0,0,0,0,127,Yutaka Mizutani,Masei Nakayama,Hoshi Ishida,Toei Company,Japan,Drama
279,1275964,en,6.265,2024-06-08,Adult Best Friends,0.0,0,0,0,90,Delaney Buffett,Katie Corwin,Delaney Buffett,Before the Door Pictures,United States of America,Comedy
287,1212337,en,4.628,2024-06-11,September Says,0.0,0,0,0,98,Ariane Labed,Mia Tharia,Niamh Moriarty,Element Films,France,Drama
292,1190836,en,8.409,2024-06-07,The G,0.0,0,0,0,106,Karl R. Hearne,Dale Dickey,Romane Denis,3Buck Productions,Canada,Drama
293,916712,de,6.343,2022-12-22,Oskar's Dress,7.532,47,0,0,102,Hüseyin Tabak,Florian David Fitz,Kida Khodr Ramadan,Pantaleon Films,Germany,Drama
296,511424,en,6.08,2022-09-30,My Sailor My Love,6.6,14,4600000,159180,102,Klaus Härö,James Cosmo,Brid Brennan,Making Movies,Finland,Drama
297,958734,fr,3.85,2023-09-01,Richelieu,7.6,5,0,0,90,Pier-Philippe Chevigny,Ariane Castellanos,Marc-André Grondin,Le foyer films,Canada,Drama
298,803688,fr,3.889,2023-08-30,Àma Gloria,6.8,23,0,456632,84,Marie Amachoukeli,Ilça Moreno,Louise Mauroy-Panzani,Lilies Films,France,Drama
302,1103731,en,6.915,2024-06-06,In Vitro,0.0,0,0,0,89,Tom McKeith,Ashley Zukerman,Talia Zucker,Arcadia,Australia,Science Fiction
304,1186875,sl,6.886,2024-06-06,Role Model,0.0,0,0,0,98,Nejc Gazvoda,Mojca Funkl,France Mandić,Perfo Production,Czech Republic,Drama
305,168875,de,8.145,2006-02-16,Felix: The Toy Rabbit and the Time Machine,6.0,6,0,0,82,Giuseppe Laganà,Patrick Flecken,Helmut Markwort,ZDF,Germany,Animation
306,1268220,ru,7.177,2024-06-06,Непослушники,0.0,0,0,0,117,Vladimir Kott,Viktor Horinyak,Gosha Kutsenko,Глобал Фильм Дистрибьюшн,Russia,Comedy
307,1241476,zh,8.135,2024-06-01,Life Hotel,0.0,0,0,0,119,Bowen Liu,Huang Xuan,Liu Yan,华谊兄弟电影有限公司,China,Family
308,1292141,ta,6.659,2024-06-07,Dandupalayam,0.0,0,0,0,142,K.T.Nayak,Sonia Agarwal,Vanitha Vijayakumar,Venkaat Movies,India,Crime
320,1249423,zh,5.9,2024-06-15,Black Dog,0.0,0,0,0,106,Guan Hu,Eddie Peng,Tong Liya,七印象（上海）影业有限公司,China,Drama
324,1163269,ja,8.005,2024-06-07,Worlds Apart,0.0,0,0,0,139,Natsuki Seta,Yui Aragaki,Hayase Ikoi,Tokyo Theatres Company,Japan,Drama
325,1000130,ar,3.678,2023-07-19,Hounds,5.853,17,2000000,160478,94,Kamal Lazraq,Ayoub Elaid,Abdellatif Masstouri,Barney Production,Belgium,Drama
327,1111869,es,7.869,2024-04-04,Bad Actor,7.0,6,0,0,129,Jorge Cuchí,Alfonso Dosal,Fiona Palomo,Cinépolis,Mexico,Drama
329,1275991,en,5.392,2024-06-15,Satisfied,0.0,0,0,0,84,Melissa Haizlip,Renée Elise Goldsberry,Alexis Johnson,Stick Figure Productions,United States of America,Documentary
331,1094457,zh,6.076,2023-04-28,Yesterday Once More,8.6,6,0,0,101,Gavin Lin,Arthur Chen,Zhou Ye,Wanda Pictures,China,Drama
333,1109237,dz,6.062,2023-10-17,The Monk and the Gun,6.738,21,0,0,107,Pawo Choyning Dorji,Tandin Wangchuk,Tandin Sonam,Dangphu Dingphu: a 3 Pigs Production,Bhutan,Comedy
334,9565,de,3.455,2000-12-07,No More School,5.839,62,0,0,99,Marco Petry,Daniel Brühl,Jasmin Schwiers,Bavaria Filmverleih- und Produktions GmbH,Germany,Comedy
343,1064486,en,6.56,2024-06-10,Memoir of a Snail,0.0,0,0,0,94,Adam Elliot,Sarah Snook,Eric Bana,Arenamedia,Australia,Animation
349,1278656,en,5.313,2024-06-12,LIZA: A Truly Terrific Absolutely True Story,0.0,0,0,0,104,Bruce David Klein,Liza Minnelli,Mia Farrow,Atlas Media Corp.,United States of America,Documentary
352,1075966,no,6.18,2023-08-04,Dancing Queen,6.2,2,0,0,91,Aurora Langaas Gossé,Anders Baasmo Christiansen,Andrea Bræin Hovig,Amarcord,Norway,Drama
353,1281532,en,4.461,2024-06-24,Hard Home,0.0,0,0,0,83,James Bamford,Simone Kessell,Andrew Howard,SP Media Group,United States of America,Thriller
354,1088563,de,7.493,2023-07-27,Lassie: A New Adventure,6.5,8,0,4100000,92,Hanno Olderdissen,Nico Marischka,Katharina Schüttler,LCH 2 Film UG,Germany,Adventure
359,1244064,ja,5.955,2024-01-05,Detective Conan vs. Kid the Phantom Thief,2.0,1,0,0,81,Shunsuke Ishihara,Minami Takayama,Kenichi Ogata,TMS Entertainment,Japan,Animation
364,736720,ko,6.369,2024-06-26,Handsome Guys,0.0,0,0,0,102,Nam Dong-hyub,Lee Sung-min,Lee Hee-jun,Hive Media Corp,South Korea,Comedy
368,1097175,pt,7.316,2024-06-06,Great Sertão,0.0,0,0,0,114,Guel Arraes,Caio Blat,Eduardo Sterblitch,Paranoid,Brazil,Drama
369,1147359,fa,4.353,2024-06-13,Critical Zone,0.0,0,0,0,99,Ali Ahmadzadeh,Amir Pousti,Shirin Abedinirad,counterintuitive film,Germany,Drama
370,1070997,it,3.142,2024-03-28,El Paraíso,7.5,2,0,0,106,Enrico Maria Artale,Edoardo Pesce,Margarita Rosa de Francisco,Ascent Film,Italy,Drama
379,1197830,en,6.741,2024-06-11,Wild Eyed and Wicked,0.0,0,0,0,99,Gordon Shoemaker Foxwood,Molly Kunz,Michael X. Sommers,Big Bad Film,United States of America,Horror
380,1275899,en,5.529,2024-06-10,Slave Play. Not A Movie. A Play.,0.0,0,0,0,79,Jeremy O. Harris,Jeremy O. Harris,Amauta Firmino,HBO Documentary Films,United States of America,Documentary
381,956957,fr,4.341,2022-09-28,The Sixth Child,6.9,43,3700000,0,92,Léopold Legrand,Sara Giraudeau,Benjamin Lavernhe,France 2 Cinéma,France,Drama
385,1115085,en,5.162,2023-12-22,Enter the Clones of Bruce,8.5,1,0,0,95,David Gregory,Bruce Le,Dragon Lee,Severin Films,United States of America,Documentary
386,1254037,en,5.221,2024-04-17,Under Parallel Skies,3.0,1,0,0,110,Sigrid Andrea Bernardo,Metawin Opas-iamkajorn,Janella Salvador,28 Squared Studios,Hong Kong,Romance
387,1272676,zh,4.971,2024-05-25,Gold or Shit,0.0,0,0,0,103,Long Fei,Hu Ge,Gao Yuanyuan,麦特影业(湖北)有限公司,China,Drama
389,1276038,en,6.293,2024-06-07,A Desert,0.0,0,0,0,100,Joshua Erkman,David Yow,Kai Lennox,Yellow Veil Pictures,United States of America,Horror
392,1234602,pt,6.074,2024-06-13,Sleep with Your Eyes Open,0.0,0,0,0,97,Nele Wohlatz,Chen Xiao Xin,Wang Shin-Hong,CinemaScópio,Argentina,Drama
395,1295736,en,6.042,2024-06-07,ROMEO + JULIET 4EVA,0.0,0,250000,0,77,Paul Bucknor,Dashawn Miller,Shanice Gowan,Firefly Films,Jamaica,Romance
401,1065342,en,5.994,2024-06-10,Bad Shabbos,0.0,0,0,0,84,Daniel Robbins,Kyra Sedgwick,Milana Vayntrub,Carnegie Hill Entertainment,United States of America,Comedy
410,881680,en,5.737,2024-06-10,Frank Miller: American Genius,0.0,0,0,0,141,Silenn Thomas,Frank Miller,Stan Lee,Poisson Rouge Pictures,United Kingdom,Documentary
421,928118,es,6.803,2023-10-27,The Movie Teller,6.2,15,0,0,116,Lone Scherfig,Bérénice Bejo,Antonio de la Torre,Embankment Films,Chile,Drama
429,1275945,en,6.592,2024-06-09,Avicii - I'm Tim,0.0,0,0,0,125,Henrik Burman,Avicii,Chris Martin,Candamo Film,Sweden,Documentary
433,1239506,id,5.07,2024-05-22,Respati,7.167,3,0,0,112,Sidharta Tata,Devano Danendra,Mikha Hernan,Barunson E&A,Indonesia,Horror
450,1275978,en,5.766,2024-06-13,The Knife,0.0,0,0,0,82,Nnamdi Asomugha,Nnamdi Asomugha,Melissa Leo,Iam21 Entertainment,United States of America,Drama
454,1100856,ru,4.003,2024-06-13,Заклятье. Шепот ведьм,0.0,0,0,0,90,Serik Beyseu,Arthur Beschastny,Maryana Spivak,KD Studios,Russia,Thriller
456,1252178,pl,5.708,2024-06-07,Under the Grey Sky,0.0,0,0,0,81,Mara Tamkovich,Aliaksandra Vaitsekhovich,Valentin Novopolskij,Media Corporation,Poland,Drama
466,1095494,en,4.252,2023-10-04,Geoff McFetridge: Drawing a Life,0.0,0,0,0,80,Dan Covert,Geoff McFetridge,Spike Jonze,Dress Code,United States of America,Documentary
469,1231035,it,4.637,2024-04-11,Gloria!,7.3,28,0,0,100,Margherita Vicario,Galatéa Bellugi,Carlotta Gamba,RAI Cinema,Italy,Drama
478,1140794,en,5.256,2024-06-08,Old Righteous Blues,0.0,0,0,0,99,Muneera Sallies,Ayden Croy,Joshwin Dyson,The Ergo Company,South Africa,Drama
482,1247031,en,5.682,2024-06-15,Federer: Twelve Final Days,0.0,0,0,0,100,Asif Kapadia,Roger Federer,Rafael Nadal,Lafcadia Productions,United Kingdom,Documentary
484,1267574,zh,3.162,2024-05-20,Be My Friend,0.0,0,0,0,114,He Nian,Zhuang Dafei,Chen Haoyu,Wanda Media,China,Drama
485,785429,en,5.977,2024-02-11,Ozi: Voice of the Forest,0.0,0,37500000,0,87,Tim Harper,Amandla Stenberg,Dean-Charles Chapman,Appian Way,France,Animation
486,1140191,tr,2.941,2024-06-21,Saýara,0.0,0,0,0,98,Can Evrenol,Duygu Kocabıyık,Emre Kızılırmak,Inter Yapım,Turkey,Crime
488,1077683,fr,5.944,2023-09-14,"Orlando, My Political Biography",6.5,10,0,93854,99,Paul B. Preciado,Oscar-Roza Miller,Yanis Sahraoui,Les Films du Poisson,France,Documentary
512,1009654,en,5.768,2023-10-02,1521: The Quest for Love and Freedom,2.0,1,0,0,115,Michael Barder,Danny Trejo,Michael Copon,Inspire Films,United States of America,Adventure
515,1119625,fr,4.289,2024-06-19,Suspended Time,0.0,0,0,0,105,Olivier Assayas,Vincent Macaigne,Micha Lescot,Curiosa Films,France,Comedy
519,848225,fr,4.603,2024-06-12,Edouard and Charles,0.0,0,0,0,72,Pascale Bodet,Benjamin Esdraffo,Pierre Léon,Les Films de la Nuit,France,Comedy
521,872508,sv,2.505,2023-10-27,Paradise Is Burning,6.5,2,2860000,0,108,Mika Gustafson,Bianca Delbravo,Dilvin Asaad,Tuffi Films,Denmark,Drama
523,1147710,ko,2.903,2024-06-21,Hijacking 1971,0.0,0,0,0,100,Kim Sung-han,Ha Jung-woo,Yeo Jin-goo,Perfect Storm Film,South Korea,Crime
524,1204866,id,5.458,2024-06-20,Lafran,0.0,0,0,0,99,Faozan Rizal,Dimas Anggara,Lala Karmela,Radepa Studio,Indonesia,Drama
527,1000700,pl,3.265,2024-06-14,Wake Up,0.0,0,0,0,74,Filip Dzierżawski,Martyna Byczkowska,Piotr Żurawski,Agencja Reklamowa Koma 2,Poland,Drama
529,1281297,zh,4.7,2024-06-08,Hurt or Separate,0.0,0,0,0,110,黄宗奖,Xu Xiaoqin,高维华,芜湖江东文景影视制作有限公司,China,Drama
532,1078959,en,5.543,2024-06-11,A Mistake,0.0,0,0,0,101,Christine Jeffs,Elizabeth Banks,Mickey Sumner,New Zealand Film Commission,New Zealand,Drama
539,1058032,fr,3.074,2024-01-17,Here,9.0,3,0,0,84,Bas Devos,Stefan Gota,Liyo Gong,kunstencentrum BUDA,Belgium,Drama
540,929831,fr,3.343,2024-02-21,The Empire,5.4,27,8500000,0,110,Bruno Dumont,Lyna Khoudri,Brandon Vlieghe,Tessalit Productions,Belgium,Science Fiction
547,1283490,pl,3.344,2024-06-10,Czy króliki mają duszę?,0.0,0,0,0,60,Hubert Czerepok,Halina Czerepok,Hubert Czerepok,Media Dizajn,Poland,Drama
555,1172091,en,3.744,2024-06-14,Wilding,0.0,0,0,0,75,David Allen,Isabella Tree,Rhiannon Hughes,Submarine Deluxe,United Kingdom,Documentary
557,1132471,de,3.15,2024-06-13,Fossil,0.0,0,0,0,94,Henning Beckhoff,Markus Hering,Ruth Reinecke,Jost Hering Filmproduktion,Germany,Drama
559,1125953,pt,4.65,2024-06-13,Perfect Endings,0.0,0,0,0,100,Daniel Ribeiro,Artur Volpi,Michel Joelsas,Claraluz Filmes,Brazil,Romance
567,1077647,ko,3.884,2023-04-12,In Water,6.4,9,0,0,61,Hong Sang-soo,Shin Seok-ho,Ha Seong-guk,Jeonwonsa Film,South Korea,Drama
572,995803,en,3.179,2024-06-25,Arena Wars,0.0,0,0,0,96,Brandon Slagle,Michael Madsen,Eric Roberts,Mahal Empire,United States of America,Action
594,1248529,es,2.846,2024-06-21,Birth,0.0,0,0,0,101,Pau Teixidor,Sofía Milán,María Vázquez,Aquí y Allí Films,Spain,Drama
595,1077627,ms,3.154,2024-06-20,Abnormal: Buas,0.0,0,0,0,120,Azhari Mohd Zain,Aeril Zafrel,Nabila Huda,Respected Citizen Production,Malaysia,Action
641,1157023,el,4.743,2024-06-19,The Summer with Carmen,0.0,0,0,0,106,Zacharias Mavroeidis,Yorgos Tsiantoulas,Andreas Lampropoulos,Argonauts Productions,Greece,Comedy
655,1276255,ja,2.654,2024-01-26,Love You as the World Ends: The Movie,0.0,0,0,0,115,Shintaro Sugawara,Ryoma Takeuchi,Fumiya Takahashi,TOHO,Japan,Action
664,1282247,es,3.745,2024-06-12,Concerto For Other Hands,0.0,0,0,0,79,Ernesto González Díaz,David González Ladrón de Guevara,José Luis González Moya,Mirall Cinema,Mexico,Documentary
667,1126546,es,2.539,2024-04-25,León,6.0,1,0,0,80,Andi Nachon,Carla Crespo,Antonella Saldicco,Hain Cine,Argentina,Drama
673,1234586,de,3.339,2024-06-20,Ivo,0.0,0,0,0,104,Eva Trobisch,Minna Wündrich,Pia Hierzegger,Studio Zentral,Germany,Drama
693,1171099,hi,4.424,2024-06-14,Maharaj,0.0,0,0,0,131,Siddharth P. Malhotra,Junaid Khan,Shalini Pandey,Aamir Khan Productions,India,Drama
708,1017940,nl,4.397,2024-06-09,Romaissa - The Superhero from Rotterdam,0.0,0,0,0,74,Fadua El Akchaoui,Imanuelle Grives,Zineb Fallouk,Pupkin,Netherlands,Drama
709,1265971,en,4.376,2024-06-21,Life Of Mike,0.0,0,300000,0,90,Derick Halliman,Miko DeFoor,Toni Belafonte,Mountain Park Media,United States of America,Drama
714,1059643,en,2.8,2023-10-14,Clawfoot,0.0,0,0,0,87,Michael Day,Francesca Eastwood,Milo Gibson,Yale Entertainment,United States of America,Thriller
715,1291437,en,2.505,2024-05-14,The Ashgrove Experiment,0.0,0,0,0,82,Christopher Warre Smets,Amanda Brugel,Jeremy Lalonde,Banana-Moon Sky Films,Canada,Documentary
717,988359,fr,2.514,2024-06-21,Dis-moi pourquoi ces choses sont si belles,0.0,0,0,0,99,Lyne Charlebois,Alexandre Goyette,Mylène Mackay,Max Films,Canada,Drama
720,1103789,nl,4.263,2023-11-09,Hardcore Never Dies,6.7,21,0,0,108,Jim Taihuttu,Joes Brauers,Jim Deddes,New Amsterdam Film Company,Netherlands,Crime
721,1213871,ar,2.13,2024-06-19,Six Feet Over,0.0,0,0,0,96,Karim Bensalah,Hamza Meziani,Kader Affak,Tact Production,Algeria,Comedy
722,1075815,en,4.249,2023-10-06,Joan Baez: I Am a Noise,6.6,8,0,630000,113,Maeve O'Boyle,Joan Baez,Mimi Fariña,Mead Street Films,United States of America,Documentary
769,1159367,ku,2.108,2024-06-16,Love in the Time of Corona,0.0,0,0,0,100,Shwan Attoof,Mahir Hasan,Ahmad Jola,So Production,Iraq,Comedy
791,1128836,id,3.405,2024-01-11,Till Death Do Us Part,5.2,3,0,0,108,Upi Avianto,Laura Basuki,Ario Bayu,Starvision Plus,Indonesia,Horror
798,1231180,de,3.473,2024-03-14,The Glory of Life,7.0,2,0,947881,98,Georg Maas,Henriette Confurius,Sabin Tambrea,Tempest Film,Germany,Drama
799,1000888,fr,3.746,2024-06-26,Plastic Guns,0.0,0,0,0,95,Jean-Christophe Meurisse,Delphine Baril,Charlotte Laemmel,Mamma Roman,France,Drama
824,1147750,fr,2.725,2024-06-26,Camping du Lac,0.0,0,0,0,69,Éléonore Saintagnan,Jean-Benoît Ugeux,Éléonore Saintagnan,Michigan Films,Belgium,Drama
829,1283688,tl,1.972,2024-06-26,A Thousand Forests,0.0,0,0,0,120,Hanz Florentino,Dennah Bautista,James Mavie Estrella,I.Syoot Multimedia Production,Philippines,Music
830,1291307,pt,3.308,2024-06-14,The Messenger,0.0,0,0,0,140,Cláudio Marques,Clara Paixão,Daniel Farias,Coisa de Cinema,Brazil,Thriller
843,1078009,en,2.714,2024-06-26,Addy Daddy,0.0,0,25000,0,118,Patrick VanZandt,Jared Trevino,Lexi Simonsen,Big Hug Picture & Sound,United States of America,Drama
849,1195810,es,2.693,2024-06-13,El Mirador,0.0,0,0,0,76,Diego Hernández,Annya Katerina,Guillermo López,Violeta Cine,Mexico,Comedy
852,1267521,zh,3.416,2024-06-15,The Coming Days,0.0,0,0,0,103,Guo Ke,Caiping Wang,Chen Yi Sha,四川光影深处文化传播有限公司,China,Drama
856,999147,sr,2.326,2023-10-11,Lost Country,6.9,4,1100000,0,98,Vladimir Perišić,Jovan Ginić,Jasna Đuričić,KinoElektron,Croatia,Drama
859,1279433,pl,3.043,2024-06-19,Inheritance,0.0,0,0,0,94,Sylwester Jakimow,Jan Peszek,Maciej Stuhr,Orphan Studio,Poland,Comedy
866,956704,te,3.377,2024-05-31,Gam Gam Ganesha,0.0,0,0,0,133,Uday Bommisetty,Anand Deverakonda,Pragati Srivastava,Hylife Entertainment,India,Action
870,1205386,ja,1.848,2024-03-01,52-Hertz Whales,1.0,1,0,0,135,Izuru Narushima,Hana Sugisaki,Jun Shison,GAGA Corporation,Japan,Drama
881,1138885,id,1.398,2024-03-21,Kukejar Mimpi,0.0,0,0,0,99,Indra Gunawan,Aisyah Aqilah,Raisya Bawazier,Kompas Gramedia Studio,Indonesia,Drama
891,1248951,ru,3.167,2024-06-20,Tour with Ivanushki,0.0,0,0,0,105,Nikita Abdulov,Agata Mutsenietse,Anna Peskova,Monumental Pictures,Russia,Comedy
899,1045273,es,2.987,2022-11-04,Three Brothers,3.0,4,0,0,86,Francisco Joaquín Paparella,Andy Gorostiaga,Ulices Yanzón,Río Azul Films,Argentina,Drama
905,1252371,ko,3.056,2024-04-03,Yumi's Cells the Movie,0.0,0,0,0,93,Kim Da-hee,Yoon Ah-young,Shin Beom-sik,Studio N,South Korea,Animation
908,156162,en,3.048,1992-09-24,Blinky Bill,5.7,5,0,0,93,Yoram Gross,Keith Scott,Robyn Moore,Yoram Gross Films,Australia,Family
911,1177316,fr,2.996,2024-06-19,Nouveau monde,0.0,0,0,0,75,Vincent Cappello,Sandor Funtek,Rohid Rahimi,120 Prods,France,Drama
922,1283181,gu,2.902,2024-06-21,Trisha on the Rocks,0.0,0,0,0,172,Krishnadev Yagnik,Janki Bodiwala,Ravi Gohil,Big Box Series,India,Comedy
924,1286409,en,2.671,2024-06-20,The Life of Sean DeLear,0.0,0,0,0,82,Markus Zizenbacher,Sean DeLear,Ann Magnuson,sixpackfilm,Austria,Documentary
951,1131374,bs,1.907,2023-10-26,Excursion,7.0,1,0,0,93,Una Gunjak,Asja Zara Lagumdžija,Nađa Spaho,Film House Baš Čelik,Bosnia and Herzegovina,Drama
989,885246,nl,2.341,2024-03-13,Skunk,8.0,1,0,0,105,Koen Mortier,Thibaud Dooms,Natali Broods,Frakas Productions,Belgium,Drama
999,1118836,fr,2.202,2024-06-26,The Child Who Measured the World,0.0,0,3500000,0,104,Takis Candilis,Bernard Campan,Maria Apostolakea,Roméo Drive Productions,Belgium,Drama
1001,1141155,el,2.068,2024-04-04,Embryo Larva Butterfly,0.0,0,0,0,91,Kyros Papavassiliou,Maria Apostolakea,Hristos Sougaris,AMP Filmworks,Cyprus,Drama
1082,1167775,fa,1.256,2023-09-01,Son of the Mullah,10.0,1,0,0,100,Nahid Persson Sarvestani,Roholla Zam,Ali Javanmardi,RealReel Doc,Sweden,Documentary
1087,1164363,id,0.64,2024-02-22,Women from Rote Island,7.0,2,0,0,108,Jeremias Nyangoen,Merlinda Dessy Adoe,Irma Novita Rihi,Langit Terang Sinema,Indonesia,Drama
1088,833037,es,1.181,2021-06-08,Light Years,3.0,1,0,0,81,Joaquín Mauad,Gabriela Freire,Federico Repetto,Anfibia Cine,Mexico,Drama
1099,1185207,uk,1.032,2024-02-14,Lessons of Tolerance,7.5,2,0,43560,95,Arkadii Nepytaliuk,Olena Uzliuk,Oleksandr Yarema,Solar Media Entertainment,Ukraine,Comedy
1100,1246014,km,0.44,2024-03-14,The Night of the Cursed Reatrei,7.0,2,400000,0,95,Diep Sela,Jenna Norodom,Paing Takhon,Real Bros Film Production,Cambodia,Horror
1111,1297651,he,0.504,2024-05-06,Cat's Luck,0.0,0,0,0,108,Hanan Savyon,Hanan Savyon,Guy Amir,United King Films,Israel,Comedy
1112,1266782,kk,0.449,2023-11-09,Teach Me How to Live,0.0,0,0,0,90,Akan Satayev,Akan Satayev,Еркебулан Токтар,Tiger Films,Kazakhstan,Drama
1129,898354,ar,0.073,2022-09-28,A Second Life,0.0,0,0,0,93,Anis Lassoued,Chema Ben Chaabene,Yassine Tormsi,Lumières Films,Tunisia,Drama
1134,1271589,es,0.001,2024-06-20,Devil Dog Road,0.0,0,0,0,104,Guillermo Polo,Pablo Molinero,Mero González,Los Hermanos Polo,Spain,Adventure
1171,1298539,en,1.097,2024-02-23,A Game of Two Halves,0.0,0,0,0,100,Khayam Khan,Saaj Raja,Lucy Jackson,K Squared Films,India,Drama
